address,sender,recipient,time,amount,outgoing,incoming,messagePayload,machineTime
NC3BI3DNMR2PGEOOMP2NKXQGSAKMS7GYRKVA5CSZ,NARAX7SVLHWWWKSG6YCTYISTAVE5GRJADRODORBX,NC3BI3DNMR2PGEOOMP2NKXQGSAKMS7GYRKVA5CSZ,2018-02-01 05:58:49,85.1,0,1,N/A,1517493529000
NC3BI3DNMR2PGEOOMP2NKXQGSAKMS7GYRKVA5CSZ,NBDX32GYEQXJRXLUZTHIXOHFX6TC2PHGNGLJDEMS,NC3BI3DNMR2PGEOOMP2NKXQGSAKMS7GYRKVA5CSZ,2018-01-31 22:19:25,0.00334,0,1,47697665204d65204e454d20504c5320f09f988e,1517465965000
NC3BI3DNMR2PGEOOMP2NKXQGSAKMS7GYRKVA5CSZ,NARAX7SVLHWWWKSG6YCTYISTAVE5GRJADRODORBX,NC3BI3DNMR2PGEOOMP2NKXQGSAKMS7GYRKVA5CSZ,2018-01-31 07:03:37,1.0,0,1,N/A,1517411017000
NC3BI3DNMR2PGEOOMP2NKXQGSAKMS7GYRKVA5CSZ,NDHEZMDCQ43RE6BYOGS36TN6W34IHMTHHX3JIOWN,NC3BI3DNMR2PGEOOMP2NKXQGSAKMS7GYRKVA5CSZ,2018-01-31 02:44:39,15.0,0,1,N/A,1517395479000
NC3BI3DNMR2PGEOOMP2NKXQGSAKMS7GYRKVA5CSZ,NBMLNH5F5UGKP43357S5ZMGXCZC2HPD2NKGGL3BD,NC3BI3DNMR2PGEOOMP2NKXQGSAKMS7GYRKVA5CSZ,2018-01-30 13:26:35,0.0,0,1,N/A,1517347595000
NC4C6PSUW5CLTDT5SXAGJDQJGZNESKFK5MCN77OG,NBY4HYCXBN4DMOCAND7JICXTACT5VIJ4H76G33LT,NC4C6PSUW5CLTDT5SXAGJDQJGZNESKFK5MCN77OG,2018-02-01 19:11:09,0.0,0,1,a98dad36b9152af48a6e75b8960ad9e78401483d653405b6cd35d011bc77426b911863b1eefbaeca36b863386d27090b2bb1c854892eb9dca4fb5b13df00876cf42d2dfe1721b8039ae0e6c477ca06d678a12af565a02fd5df2f010e2a1221cf9956c6b631c4770b19ff8e7c40781dc029ef9b731651397421fa96d8dbfba5a911eaf8e40a8d8bc21504fbf832288891eb7c077d51eabc745dde497150a29c10a2fd9668fbef284dce582569fd4f329b2af39cf9fa032d1b720956bf20461706477e106991cce8ec3f9b0f5cae635b450f848e1f7ae5f5dd868c1c3199b92c25,1517541069000
NC4C6PSUW5CLTDT5SXAGJDQJGZNESKFK5MCN77OG,NAKITOCI2RGG4JVWY3VAW452NYPWZDVY7LNPSM6Z,NC4C6PSUW5CLTDT5SXAGJDQJGZNESKFK5MCN77OG,2018-02-01 19:00:27,10.0,0,1,97360703ed421c3292fbc286d47b9dfa9ca44222202fe2dd2d7070920506d6f2260d58944c1ef3fecc030cdb9cfaa4791c2dbe1c7275d055d6acfcfe82fdbde2a776d07c7ecdef4eddbbf49f02fdebdc,1517540427000
NC4C6PSUW5CLTDT5SXAGJDQJGZNESKFK5MCN77OG,NDMLSSDGK2S3LSF3ZWHDHWYSOFLVIVMGV2QBJC52,NC4C6PSUW5CLTDT5SXAGJDQJGZNESKFK5MCN77OG,2018-02-01 07:07:00,0.0,0,1,beab69b9a6f46e8f2411aef9a2e2738acd907a01d7bf166bd14b3ce92ae27913ce8826f4f9d145edd5444179eae190bd6e0d5f0ba61f78afa50795a8e6c5413f0da76c04c21c17ffb2f83524e711bfae328d549f938bf638a1805002127d18cb,1517497620000
NC4C6PSUW5CLTDT5SXAGJDQJGZNESKFK5MCN77OG,NAZASOSA2DPAR5SRA3SNHUKBUZZGCDWYYWB6IFAY,NC4C6PSUW5CLTDT5SXAGJDQJGZNESKFK5MCN77OG,2018-02-01 06:43:18,0.0,0,1,e1e4895b491ed6d7fca9c3c6b915e6caf16541ffc17602ffa85ff275dd3f62a4b715bceb3b5793e580495ef67450e4385bbb1b6452070a9a5f46b094ea853b08aabd831f0e7463a00da1c9184dc56ba6a0a38b39d6e0eee4bf0966e0e06175e9b8f51d2d187a42efc0fd5b7ee5e54a46befde588b36ba8b8d125e9aa0ba37b568d9403b798e7106d967e496e3eefba1d25d62234a067d4db9123790ec5bfa4a468545ecf3250dcda57194022145339080b714e5ff3f49607ff7b667774f94a579917adc1c66ea2bf87759dfe133aea3550f7b3f6de8a22acb07ce856d6088b6a108c4728d10010773b83f4cde523acf38b225620c38361a228f92e9dac7706851e536cf2eb0b926552c705503985285c0e0fcb1fe766eefc83f1b1670c754344efbc60eadc71274f8473c8141e9a607ccce3ce7608e92fa37caef74c99c16dacf41f7e122b5eb9d9260ed997a407a887b16af3350f1410acd470815f79cedd4da99c97b40f53b3084c25c849f66b57e7,1517496198000
NC4C6PSUW5CLTDT5SXAGJDQJGZNESKFK5MCN77OG,NAC4NKMUWMAJ535YJK6MGY5JUS2LA3P7V3I3QTGB,NC4C6PSUW5CLTDT5SXAGJDQJGZNESKFK5MCN77OG,2018-02-01 06:26:11,0.0,0,1,275e35bc926006d8fcae54d179c3267a833ad4c2c5a0b599170454fa066ccba49bc9d60e0018bf683713d3e46a3c8a28c61801dd8de518f59d1cc1f175015a7e5ee53e118e05c23a676f2d64c0622ac72d66b41089d97945697bbf4394a9f134a1f018a48c97f40a305b4f3429e5d7c185030613c72ecaa94927f12d934bb7cd96408578e828d3094a9b5b51374b06edd2b0641e4ab3b09d548853f6ffa6972d49a56ac5002920b470e99bb34378b2b0fdf4bfe898e9a6f4d55ee054579017b0f7715aa1e51db3d6dc426e19316ef59c4b8aa64658d68b787cb3a034a79db09cf46bb58a31ead6e9db6f2fe20e2d00aa99e4f80d024b0eaca6c01afa941d8931ebdb7d2c2b41dc9c78a18013d7e594aee30996557c8bdd417c667c81d6912cad78a3ca2417d528e8d0285bb54981a7ed4cccf910754b218f449ce5d86717cc413313e7a6a03c8aced25d6162a1e445caa3d1d1787e4d65946e83c5e2247fb9ea25b661ef447be567a44d1bec26d329c386391be91ea93284e8142716f5dc5049676624c38025b6589bde5b3b8019b1d186a76de20918ede7e573f481d4324301100f98dc849e2a430a067dede0aea62634f22cb7e939eeeced5ab998ef4fa4466e5fec8c7fdc1a4f0c35377f3c5eef1360ef4fd3c933237e82380621564382006c6d21f40bad99bd29508be8b442320f9bbd9b88819ea3b0e0bc4a1d53208c38370032a44830727e6d2d7695c44445e9a1b7e74eafd5af21d77b75f1d7e7605fabc1615dda5ec344b3f3ec199d9881e2a673a14b57b19d6f7d3c0fe84e4e123c3bdb0cb1bfb5a7787f3a354467ba8490,1517495171000
NC4C6PSUW5CLTDT5SXAGJDQJGZNESKFK5MCN77OG,NBCI5QGXCNETKOU2WD3INK2O67BZ2FF5AVWGFVKU,NC4C6PSUW5CLTDT5SXAGJDQJGZNESKFK5MCN77OG,2018-02-01 06:09:33,1.0,0,1,446561722073616e74612e20692077697368206920686164206e65772062696b6520666f72206368726973746d61732e206e65772062696b65207072696365203d3d20313530302078656d2e204f686820646561722073616e7461,1517494173000
NC4C6PSUW5CLTDT5SXAGJDQJGZNESKFK5MCN77OG,NAKRPG4BOIFR2LDTKWL53Q6LKEDXU2LUT77HYGTZ,NC4C6PSUW5CLTDT5SXAGJDQJGZNESKFK5MCN77OG,2018-02-01 06:03:43,0.0,0,1,4865792e2047697665206d65206c6f7665200a4469676974616c207265766f6c7574696f6e732031306b2078656d206c6f6c0a6e6f7720796f7520686176652061206c6f74206f66207468656d,1517493823000
NC4C6PSUW5CLTDT5SXAGJDQJGZNESKFK5MCN77OG,NAQEYGVSM7LII52XKNBHBHL4VKQUWAOQ4I55ZCUD,NC4C6PSUW5CLTDT5SXAGJDQJGZNESKFK5MCN77OG,2018-02-01 04:58:25,0.0,0,1,e7a781e381ae3738302e3558454de38292e8bf94e38197e381a6e3818fe381a0e38195e38184e38082e3819de3828ce3818be382b3e382a4e383b3e38381e382a7e38383e382afe381abe79a86e381ae58454de38292e8bf94e38197e381a6e3818fe381a0e38195e38184e380820ae4bbaee683b3e9809ae8b2a8e381aee69caae69da5e381aee3819fe38281e381abe38282e3818ae9a198e38184e38197e381bee38199e38082,1517489905000
NC4C6PSUW5CLTDT5SXAGJDQJGZNESKFK5MCN77OG,NC4C6PSUW5CLTDT5SXAGJDQJGZNESKFK5MCN77OG,NCHKKOXUH6Y3YR32B37PUOZOIE3VFEOWH7BDYGJQ,2018-02-01 04:55:48,1000.0,1,0,dd76af7a6ddcc20bc900d50fc206e451f65aa5b8cf9448b2f4cbf265f7209bcaee80bc99b347bf4306012def6e1c44c400032db3b3bd533e33323ec6d9b77019,1517489748000
NC4C6PSUW5CLTDT5SXAGJDQJGZNESKFK5MCN77OG,NC4C6PSUW5CLTDT5SXAGJDQJGZNESKFK5MCN77OG,NDUO6J6H253GULLVXJU66CIEYQYBOWU5DOYUZMZF,2018-02-01 04:43:33,100.0,1,0,dd7ef39189147581e3f46689443dccd993af4d9e7fad8b5547e13c59bb8c217f4ca7ec490e018ae4fbeb62b63fc0844b417ef68e0250893f903a4923153bc438,1517489013000
NC4C6PSUW5CLTDT5SXAGJDQJGZNESKFK5MCN77OG,NC4C6PSUW5CLTDT5SXAGJDQJGZNESKFK5MCN77OG,NBY4HYCXBN4DMOCAND7JICXTACT5VIJ4H76G33LT,2018-02-01 04:24:21,0.0,1,0,51c1e8e387d23879d3cdbc0464b2775151039bef2bd1254becbd416125c8d5fe21963da8977dec3204bada001a44801e45f6ed99c80beebacd4a3c67c721aa5c86cb7816042c0ec38b35ad87278518959b2a3625708b5282bed19ae3f5dd89d7,1517487861000
NC4C6PSUW5CLTDT5SXAGJDQJGZNESKFK5MCN77OG,NC4C6PSUW5CLTDT5SXAGJDQJGZNESKFK5MCN77OG,NBY4HYCXBN4DMOCAND7JICXTACT5VIJ4H76G33LT,2018-02-01 04:22:19,1000.0,1,0,5871787a43776235766d4145574257465a574b6e656751684247747a676a79315635,1517487739000
NC4C6PSUW5CLTDT5SXAGJDQJGZNESKFK5MCN77OG,NBY4HYCXBN4DMOCAND7JICXTACT5VIJ4H76G33LT,NC4C6PSUW5CLTDT5SXAGJDQJGZNESKFK5MCN77OG,2018-02-01 02:20:40,1.0,0,1,9222359fe7769d50944db41ce72be88212f0c3e4645284cf2ad78f3632d1b34e5ce817ead9a819d5150a9df95fd2957b1ff2b112a17c74959886cdced30bb1da860c03ba3405a631c40c65a0d869cf215e250a90bd043bc7a237c1e895b8635aaac89d5dee12f1c494e5a775fab0431979670cd66ab1a7a33195c97f0fdd49b08eeeb1e899efac841cdd71d7c4c4993128d0e2a7f44151c5bc2e760a4d4028be5c6e730c273905ec6235b8ecc306c25b3548ebee7ae668ad0723981e41bf944a73375fd75e8e868d43fd272fcf77184c0ada30e85519d5db29c36237325b26172517b590bb2041719127a39a8aa75a3aa9cdf11744a1f75c8f400790adf208c591d58f54c6e07f3acedec45e7042094ddd6ac2486493c990d0db8533b82b1441331685f322ece930725cd6d1fcbc733ba34228933655e00391d3d09a33ed0dddb821d10173dcc0e9b30234f16c6d3ea954e2c0a56fabb12d9da0f995eae5be9e5cd06b282d56c83e04bbdde2c0ab5b0fbbdca5d9e0d94307e1618fbb9d2774155929df37628bd47519dccf3c5ada9eb2989680e3d0e3f36ede824a3e4df83d893fdb4ea9d96ca91da5395ce709e600b1af00073312192bb420fc6344e3d2aeebf21516c7feafe08474a5ab4de6f6eb91ae5b8e945e05e037e1304437d37707e2c0c100ceb4d37d90778db84a9c03a7b51357691ec16bbf6b02472b67afca876cf757d1cd83b4689401ddc11e6cbe65a149bc704743f59e7ddd3205eb24c24b0411dbfc387a198441dd32f7d9d2df7e3db3d638ac0f9df5362b4e5a0b01a2ae615c6fd6a6d74f6c5182faa22da64a7d875da1fe4b4bf0600c7fe31535eeaa4a1e4c5d3c52a65d5ec56ba3f43abea1699a,1517480440000
NC4C6PSUW5CLTDT5SXAGJDQJGZNESKFK5MCN77OG,NATGSYWEF3BIUK3DBLL2EH3CQNJPBAZI7ROQA7BC,NC4C6PSUW5CLTDT5SXAGJDQJGZNESKFK5MCN77OG,2018-02-01 01:34:34,100.0,0,1,77617368,1517477674000
NC4C6PSUW5CLTDT5SXAGJDQJGZNESKFK5MCN77OG,NDUO6J6H253GULLVXJU66CIEYQYBOWU5DOYUZMZF,NC4C6PSUW5CLTDT5SXAGJDQJGZNESKFK5MCN77OG,2018-01-31 21:38:58,3.141593,0,1,67697665206d65206c6f766520706c7a2e,1517463538000
NC4C6PSUW5CLTDT5SXAGJDQJGZNESKFK5MCN77OG,NAKITOCI2RGG4JVWY3VAW452NYPWZDVY7LNPSM6Z,NC4C6PSUW5CLTDT5SXAGJDQJGZNESKFK5MCN77OG,2018-01-31 20:51:04,36.0,0,1,7c3b9dbb784778041327a1bd76738acf120adf0bbf942a18f23f8dccdcc0a9b9ca42045043adb3d9889fdca8f160b84ec02846ce062b0eb44177fe649d2a2a139ecea6c9aeba5bf0e2036d5fead17c5c818238f2131b4e6bd23f090039a6f363,1517460664000
NC4C6PSUW5CLTDT5SXAGJDQJGZNESKFK5MCN77OG,NBT3VVHJC5PVE3FUBS6HLNYANYGJN57XBEJFI77I,NC4C6PSUW5CLTDT5SXAGJDQJGZNESKFK5MCN77OG,2018-01-31 20:43:56,1.0,0,1,49206e65656420746f207061792074617865732e20706c656173652068656c702e2e2e,1517460236000
NC4C6PSUW5CLTDT5SXAGJDQJGZNESKFK5MCN77OG,NAKITOCI2RGG4JVWY3VAW452NYPWZDVY7LNPSM6Z,NC4C6PSUW5CLTDT5SXAGJDQJGZNESKFK5MCN77OG,2018-01-31 20:33:14,0.1,0,1,N/A,1517459594000
NC4C6PSUW5CLTDT5SXAGJDQJGZNESKFK5MCN77OG,NCC2HRNZHBG7FVGCJOP3GZKUCIRJZX2YYXFIERFJ,NC4C6PSUW5CLTDT5SXAGJDQJGZNESKFK5MCN77OG,2018-01-31 12:45:02,0.01,0,1,706c6561736520313030303030306e656d21,1517431502000
NC4C6PSUW5CLTDT5SXAGJDQJGZNESKFK5MCN77OG,NC4C6PSUW5CLTDT5SXAGJDQJGZNESKFK5MCN77OG,NDGLD5YU72S2XSUQ3XBBIQRA6BIX5JACZ3KO55KO,2018-01-31 11:11:01,1000.0,1,0,N/A,1517425861000
NC4C6PSUW5CLTDT5SXAGJDQJGZNESKFK5MCN77OG,NC4C6PSUW5CLTDT5SXAGJDQJGZNESKFK5MCN77OG,NCTI6GAML7EIMVABJX2JYMAILMVOC3GNK772OQD5,2018-01-31 11:09:10,1000.0,1,0,N/A,1517425750000
NC4C6PSUW5CLTDT5SXAGJDQJGZNESKFK5MCN77OG,NC4C6PSUW5CLTDT5SXAGJDQJGZNESKFK5MCN77OG,NBAPJNCPMLPRB3L76GCMO42XRAG4WKYFWMDULIKM,2018-01-31 10:33:32,1000.0,1,0,N/A,1517423612000
NC4C6PSUW5CLTDT5SXAGJDQJGZNESKFK5MCN77OG,NC4C6PSUW5CLTDT5SXAGJDQJGZNESKFK5MCN77OG,NBZMQO7ZPBYNBDUR7F75MAKA2S3DHDCIFG775N3D,2018-01-31 09:57:32,1000.0,1,0,31303030,1517421452000
NC4C6PSUW5CLTDT5SXAGJDQJGZNESKFK5MCN77OG,NDABPHWFPH7KL5FADCW66V4GYLVXHKYQIPWL4G2B,NC4C6PSUW5CLTDT5SXAGJDQJGZNESKFK5MCN77OG,2018-01-31 09:29:03,15.0,0,1,4e433443365053555735434c54445435535841474a44514a475a4e45534b464b354d434e37374f47,1517419743000
NC4C6PSUW5CLTDT5SXAGJDQJGZNESKFK5MCN77OG,NCPJLCHBFERHICPECSFE23LEKA3QRNWLWOS24LE2,NC4C6PSUW5CLTDT5SXAGJDQJGZNESKFK5MCN77OG,2018-01-31 09:00:20,0.9,0,1,49e280996d20766572792068756e676572202e706c656173652067697665206d652061206d6f6e6579,1517418020000
NC4C6PSUW5CLTDT5SXAGJDQJGZNESKFK5MCN77OG,NDR6P7B2CLFVCLV6LYEYQOMVH56T7RQDNYD5ZMGH,NC4C6PSUW5CLTDT5SXAGJDQJGZNESKFK5MCN77OG,2018-01-31 08:59:20,1.0,0,1,67697665206d652121706c656173652068656c7021212121,1517417960000
NC4C6PSUW5CLTDT5SXAGJDQJGZNESKFK5MCN77OG,NAW7OCQUXQM5SDKS7QCJV7BLCIGGKSSP7TFPWRO5,NC4C6PSUW5CLTDT5SXAGJDQJGZNESKFK5MCN77OG,2018-01-31 08:55:36,1.0,0,1,63616e204920736861726520796f7572206d616e792078656d3f,1517417736000
NC4C6PSUW5CLTDT5SXAGJDQJGZNESKFK5MCN77OG,NATRWR7ECC4IXQ2XLMWIRHEUHQCKGIUUSTZKTMOD,NC4C6PSUW5CLTDT5SXAGJDQJGZNESKFK5MCN77OG,2018-01-31 08:54:54,1.0,0,1,706c6561736520626f72726f7720796f75722078656d,1517417694000
NC4C6PSUW5CLTDT5SXAGJDQJGZNESKFK5MCN77OG,NAOUTRRHE52MSRRXTRYDDDJ7QMXBACTDVUDAGUF6,NC4C6PSUW5CLTDT5SXAGJDQJGZNESKFK5MCN77OG,2018-01-31 08:54:29,0.9,0,1,706c65617365212121,1517417669000
NC4C6PSUW5CLTDT5SXAGJDQJGZNESKFK5MCN77OG,ND6QOYBLEWJN66AIDJEKUBPFTYJCS7HDZ2YSQTY7,NC4C6PSUW5CLTDT5SXAGJDQJGZNESKFK5MCN77OG,2018-01-31 08:53:19,1.0,0,1,706c656173652067697665206d652078656d212121,1517417599000
NC4C6PSUW5CLTDT5SXAGJDQJGZNESKFK5MCN77OG,NBDZ6HUOSWAWW3G6T2SS2RTEYBH4FSMGLC64JDVN,NC4C6PSUW5CLTDT5SXAGJDQJGZNESKFK5MCN77OG,2018-01-31 08:50:24,1.0,0,1,43616e204920736570617261746520796f75722078656d3f3f,1517417424000
NC4C6PSUW5CLTDT5SXAGJDQJGZNESKFK5MCN77OG,NCZRLPFCBEBR4WX6PY363G4WB44CRUY264KH6BEN,NC4C6PSUW5CLTDT5SXAGJDQJGZNESKFK5MCN77OG,2018-01-31 08:47:57,1.0,0,1,67697665206d65206d616e792078656d212121,1517417277000
NC4C6PSUW5CLTDT5SXAGJDQJGZNESKFK5MCN77OG,NCTWKWGD564GIQQCZ5X5TC4YM46VXWLT3QWD5NLZ,N/A,2018-01-31 07:10:01,-1,0,0,N/A,1517411401000
NC4C6PSUW5CLTDT5SXAGJDQJGZNESKFK5MCN77OG,NBG7MBRXEDDIACCQGV4RAEEDQDUM4VFP2W24766C,NC4C6PSUW5CLTDT5SXAGJDQJGZNESKFK5MCN77OG,2018-01-31 05:40:07,0.09,0,1,492074686f7567687420776861742049276420646f207761732c204927642070726574656e64204920776173206f6e65206f662074686f736520646561662d6d75746573206f722073686f756c642049203f,1517406007000
NC4C6PSUW5CLTDT5SXAGJDQJGZNESKFK5MCN77OG,NCTWKWGD564GIQQCZ5X5TC4YM46VXWLT3QWD5NLZ,N/A,2018-01-31 04:59:52,-1,0,0,N/A,1517403592000
NC4C6PSUW5CLTDT5SXAGJDQJGZNESKFK5MCN77OG,NCMNMAJFTRI2UBWV6IRMB6MM2LJZYEOXPRCO4QK2,NC4C6PSUW5CLTDT5SXAGJDQJGZNESKFK5MCN77OG,2018-01-31 04:27:37,0.1,0,1,506c656173652067697665206d652031303078656d20746f6f,1517401657000
NC4C6PSUW5CLTDT5SXAGJDQJGZNESKFK5MCN77OG,NCQUATHILEN2JBL4X2ELP7766TRP3UGG73SRBLYR,NC4C6PSUW5CLTDT5SXAGJDQJGZNESKFK5MCN77OG,2018-01-31 03:23:13,0.0,0,1,476f6f64206a6f622e20506c7a20777269746520776c7420616e64207073772e20546878,1517397793000
NC4C6PSUW5CLTDT5SXAGJDQJGZNESKFK5MCN77OG,NATPD6QA636UZUEU4PKTZLYOBPLXRWO656G5U6TN,NC4C6PSUW5CLTDT5SXAGJDQJGZNESKFK5MCN77OG,2018-01-31 03:15:32,0.15,0,1,N/A,1517397332000
NC4C6PSUW5CLTDT5SXAGJDQJGZNESKFK5MCN77OG,NATPD6QA636UZUEU4PKTZLYOBPLXRWO656G5U6TN,NC4C6PSUW5CLTDT5SXAGJDQJGZNESKFK5MCN77OG,2018-01-31 03:16:22,0.15,0,1,78656d,1517397382000
NC4C6PSUW5CLTDT5SXAGJDQJGZNESKFK5MCN77OG,NA35JM3TJFTHFODCVRIA72X72NYGGTCADR7XON6L,NC4C6PSUW5CLTDT5SXAGJDQJGZNESKFK5MCN77OG,2018-01-31 03:18:02,0.5,0,1,506c656173652067697665206d65206261636b206d79204e454d20706c656173652e546861747320616c6c206f66206d792066616d696c79206d6f6e65792e49206e656564206d792039323230384e454d73207269676874206e6f772e706c65617365,1517397482000
NC4C6PSUW5CLTDT5SXAGJDQJGZNESKFK5MCN77OG,NAXTG5UXIZI43AFILGCLTF7NJCPWGKP36VM66GQZ,NC4C6PSUW5CLTDT5SXAGJDQJGZNESKFK5MCN77OG,2018-01-31 02:01:05,1.0,0,1,6f6d61206573752067652d6e61,1517392865000
NC4C6PSUW5CLTDT5SXAGJDQJGZNESKFK5MCN77OG,NCTWKWGD564GIQQCZ5X5TC4YM46VXWLT3QWD5NLZ,N/A,2018-01-31 01:00:03,-1,0,0,N/A,1517389203000
NC4C6PSUW5CLTDT5SXAGJDQJGZNESKFK5MCN77OG,NCC2HRNZHBG7FVGCJOP3GZKUCIRJZX2YYXFIERFJ,NC4C6PSUW5CLTDT5SXAGJDQJGZNESKFK5MCN77OG,2018-01-30 23:50:06,0.1,0,1,e5899be58a9befbc81,1517385006000
NC4C6PSUW5CLTDT5SXAGJDQJGZNESKFK5MCN77OG,NCC2HRNZHBG7FVGCJOP3GZKUCIRJZX2YYXFIERFJ,NC4C6PSUW5CLTDT5SXAGJDQJGZNESKFK5MCN77OG,2018-01-30 22:32:13,0.4,0,1,6675636b20796f75,1517380333000
NC4C6PSUW5CLTDT5SXAGJDQJGZNESKFK5MCN77OG,NC7M7AM5WL6QGSYBONZWHQCUAZKU4VVCWSXGRTIQ,NC4C6PSUW5CLTDT5SXAGJDQJGZNESKFK5MCN77OG,2018-01-30 22:10:25,1.95,0,1,N/A,1517379025000
NC4C6PSUW5CLTDT5SXAGJDQJGZNESKFK5MCN77OG,NC4V35HPAFRTQNLWSO7NLVRDZAXOE7W77YZXNEO4,NC4C6PSUW5CLTDT5SXAGJDQJGZNESKFK5MCN77OG,2018-01-30 21:16:59,1.0,0,1,6f727a,1517375819000
NC4C6PSUW5CLTDT5SXAGJDQJGZNESKFK5MCN77OG,NCTWKWGD564GIQQCZ5X5TC4YM46VXWLT3QWD5NLZ,N/A,2018-01-30 20:52:43,-1,0,0,N/A,1517374363000
NC4C6PSUW5CLTDT5SXAGJDQJGZNESKFK5MCN77OG,NAL7Z3525F5GOSSUF7OB6EVEBBLDFG4M3C2F47TS,NC4C6PSUW5CLTDT5SXAGJDQJGZNESKFK5MCN77OG,2018-01-30 20:39:32,0.1,0,1,62757920766973696f206e6f772121,1517373572000
NC4C6PSUW5CLTDT5SXAGJDQJGZNESKFK5MCN77OG,NCTWKWGD564GIQQCZ5X5TC4YM46VXWLT3QWD5NLZ,N/A,2018-01-30 20:28:20,-1,0,0,N/A,1517372900000
NC4C6PSUW5CLTDT5SXAGJDQJGZNESKFK5MCN77OG,NDSDYTBL4OJNXQW7TYGG4PDIBQ27LDLNGIPKIZKL,NC4C6PSUW5CLTDT5SXAGJDQJGZNESKFK5MCN77OG,2018-01-30 20:19:03,0.0,0,1,436f756c6420796f7520706c73207265706c793f,1517372343000
NC4C6PSUW5CLTDT5SXAGJDQJGZNESKFK5MCN77OG,NDSDYTBL4OJNXQW7TYGG4PDIBQ27LDLNGIPKIZKL,NC4C6PSUW5CLTDT5SXAGJDQJGZNESKFK5MCN77OG,2018-01-30 20:05:11,1.0,0,1,48656c6c6f,1517371511000
NC4C6PSUW5CLTDT5SXAGJDQJGZNESKFK5MCN77OG,ND7MTMF3YGRCVCP4JOATXYVI4WQHZ4CQMYTCTXW2,NC4C6PSUW5CLTDT5SXAGJDQJGZNESKFK5MCN77OG,2018-01-30 20:01:55,1.14,0,1,477265617420646573746f727965722121,1517371315000
NC4C6PSUW5CLTDT5SXAGJDQJGZNESKFK5MCN77OG,NDALJZNDMS4IDYFBWRICBQ5A2YHR6OEAMJYNRUH5,NC4C6PSUW5CLTDT5SXAGJDQJGZNESKFK5MCN77OG,2018-01-30 19:44:06,0.0,0,1,4869,1517370246000
NC4C6PSUW5CLTDT5SXAGJDQJGZNESKFK5MCN77OG,NB3WAIAVWPY2R234RPR6SSQ72YYCVMWZ3ONWEYE2,NC4C6PSUW5CLTDT5SXAGJDQJGZNESKFK5MCN77OG,2018-01-30 19:35:01,0.4,0,1,N/A,1517369701000
NC4C6PSUW5CLTDT5SXAGJDQJGZNESKFK5MCN77OG,NC7EB6RWA5GTXSYILCOWGFBEIXMLM5F56ZH7GHXF,NC4C6PSUW5CLTDT5SXAGJDQJGZNESKFK5MCN77OG,2018-01-30 19:33:21,0.1,0,1,506c656173652067697665206d65206120646f6e6174696f6e2e,1517369601000
NC4C6PSUW5CLTDT5SXAGJDQJGZNESKFK5MCN77OG,NBAFA5RXVJ2DWZU7HYJHKMYA5XJE374YXFTIP6CM,NC4C6PSUW5CLTDT5SXAGJDQJGZNESKFK5MCN77OG,2018-01-30 18:52:01,1.0,0,1,e38182e381a3e3818be38293e381b9e383bc,1517367121000
NC4C6PSUW5CLTDT5SXAGJDQJGZNESKFK5MCN77OG,NBCQAOH5U7QOGCWSP5VADFKUKF3QAXR5VFP4M3HR,NC4C6PSUW5CLTDT5SXAGJDQJGZNESKFK5MCN77OG,2018-01-30 18:40:07,1.0,0,1,N/A,1517366407000
NC4C6PSUW5CLTDT5SXAGJDQJGZNESKFK5MCN77OG,ND5SMFREJS36FP4EZSO4TDM4F4VFIRIR57KWEZHB,NC4C6PSUW5CLTDT5SXAGJDQJGZNESKFK5MCN77OG,2018-01-30 18:33:24,1.0,0,1,506c656173652020796f7572204c54432061646472657373,1517366004000
NC4C6PSUW5CLTDT5SXAGJDQJGZNESKFK5MCN77OG,NDWB3DX42MOI6V5342NEK43MLVI6NIETQW4GDFAV,NC4C6PSUW5CLTDT5SXAGJDQJGZNESKFK5MCN77OG,2018-01-30 17:57:23,0.8,0,1,N/A,1517363843000
NC4C6PSUW5CLTDT5SXAGJDQJGZNESKFK5MCN77OG,NAHA7JNAFWWLWKVTQP65CRI3VKJXKH42WW6BRVYR,NC4C6PSUW5CLTDT5SXAGJDQJGZNESKFK5MCN77OG,2018-01-30 17:59:30,100.0,0,1,636f696e20636865636b20746f206d792078656d20506c656173652068656c70206d65283b5f3b29,1517363970000
NC4C6PSUW5CLTDT5SXAGJDQJGZNESKFK5MCN77OG,NCTWKWGD564GIQQCZ5X5TC4YM46VXWLT3QWD5NLZ,N/A,2018-01-30 16:29:59,-1,0,0,N/A,1517358599000
NC4C6PSUW5CLTDT5SXAGJDQJGZNESKFK5MCN77OG,NAPCC646XFWJMLLHQUSFKXAJTUV7NT55Y3W4F67P,NC4C6PSUW5CLTDT5SXAGJDQJGZNESKFK5MCN77OG,2018-01-30 16:10:44,1.0,0,1,686579,1517357444000
NC4C6PSUW5CLTDT5SXAGJDQJGZNESKFK5MCN77OG,NCTWKWGD564GIQQCZ5X5TC4YM46VXWLT3QWD5NLZ,N/A,2018-01-30 16:08:33,-1,0,0,N/A,1517357313000
NC4C6PSUW5CLTDT5SXAGJDQJGZNESKFK5MCN77OG,NAPCC646XFWJMLLHQUSFKXAJTUV7NT55Y3W4F67P,NC4C6PSUW5CLTDT5SXAGJDQJGZNESKFK5MCN77OG,2018-01-30 16:05:52,0.6005,0,1,506c656173652072657475726e20746865206c6f737320696e20746865206372617368206361757365642062792074686973207570726f6172,1517357152000
NC4C6PSUW5CLTDT5SXAGJDQJGZNESKFK5MCN77OG,NAUFIPHWAAFJWLE5C33WW36SI5BVDV32ODLFDFBK,NC4C6PSUW5CLTDT5SXAGJDQJGZNESKFK5MCN77OG,2018-01-30 14:49:46,0.0,0,1,379100358cd84a2d81264423575c908ce1c5d1e27ea93b92991b67242adc8066391009b81a630bc8c1b1a8feb18d23b50c330590057e2137df7d2a43f2f8e067e544d90d390974f058ac0e6d82e70ff2599074921ef2315274152e65b12ccc5f3f41da47ddbd403455601e91d572666700eec704da91cf7af2d143bfcf4c599a8f5f52cfe91fe811e98f157bfac9bb7076d8693b3737c5eea5c0634c6cb9d0dc65cfacdeffc34f71bf5d47f1a089c5db,1517352586000
NC4C6PSUW5CLTDT5SXAGJDQJGZNESKFK5MCN77OG,NAU4KRK3HTJATXLUXKQCOFU3QZGOD36ETA4HTZD4,NC4C6PSUW5CLTDT5SXAGJDQJGZNESKFK5MCN77OG,2018-01-30 13:54:01,0.3,0,1,68656c6c6f,1517349241000
NC4C6PSUW5CLTDT5SXAGJDQJGZNESKFK5MCN77OG,NAB2BIOW75FORD6M26B4Y4I7EVWVMSXORI7CTDYM,NC4C6PSUW5CLTDT5SXAGJDQJGZNESKFK5MCN77OG,2018-01-30 13:20:20,0.4,0,1,506c656173652072657475726e20746865206d6f6e65792e,1517347220000
NC4C6PSUW5CLTDT5SXAGJDQJGZNESKFK5MCN77OG,NAB2BIOW75FORD6M26B4Y4I7EVWVMSXORI7CTDYM,NC4C6PSUW5CLTDT5SXAGJDQJGZNESKFK5MCN77OG,2018-01-30 13:20:05,0.4,0,1,506c656173652072657475726e20746865206d6f6e65792e,1517347205000
NC4C6PSUW5CLTDT5SXAGJDQJGZNESKFK5MCN77OG,NDYTT4WQJ5KRFIQY3WSKIX4VHL2G4S4L3GM55FDD,NC4C6PSUW5CLTDT5SXAGJDQJGZNESKFK5MCN77OG,2018-01-30 13:00:15,0.01,0,1,73656e6420666f72207468652074657374203a2929,1517346015000
NC4C6PSUW5CLTDT5SXAGJDQJGZNESKFK5MCN77OG,NCCFG4VJW2M2SOT62Y7JBHYO27S5RSXKCPENMA5S,NC4C6PSUW5CLTDT5SXAGJDQJGZNESKFK5MCN77OG,2018-01-30 11:59:03,1.0,0,1,67697665206d652078656d21,1517342343000
NC4C6PSUW5CLTDT5SXAGJDQJGZNESKFK5MCN77OG,NCTWKWGD564GIQQCZ5X5TC4YM46VXWLT3QWD5NLZ,N/A,2018-01-30 11:48:48,-1,0,0,N/A,1517341728000
NC4C6PSUW5CLTDT5SXAGJDQJGZNESKFK5MCN77OG,NBE3J5ROCMFKNBC6MBDIUHRO4QBT7LNUYRY6PA44,NC4C6PSUW5CLTDT5SXAGJDQJGZNESKFK5MCN77OG,2018-01-30 11:44:19,1.0,0,1,N/A,1517341459000
NC4C6PSUW5CLTDT5SXAGJDQJGZNESKFK5MCN77OG,NCTWKWGD564GIQQCZ5X5TC4YM46VXWLT3QWD5NLZ,N/A,2018-01-30 11:39:55,-1,0,0,N/A,1517341195000
NC4C6PSUW5CLTDT5SXAGJDQJGZNESKFK5MCN77OG,NCTWKWGD564GIQQCZ5X5TC4YM46VXWLT3QWD5NLZ,N/A,2018-01-30 11:39:06,-1,0,0,N/A,1517341146000
NC4C6PSUW5CLTDT5SXAGJDQJGZNESKFK5MCN77OG,NDYTT4WQJ5KRFIQY3WSKIX4VHL2G4S4L3GM55FDD,NC4C6PSUW5CLTDT5SXAGJDQJGZNESKFK5MCN77OG,2018-01-30 11:23:03,0.0,0,1,3a29,1517340183000
NC4C6PSUW5CLTDT5SXAGJDQJGZNESKFK5MCN77OG,NDYTT4WQJ5KRFIQY3WSKIX4VHL2G4S4L3GM55FDD,NC4C6PSUW5CLTDT5SXAGJDQJGZNESKFK5MCN77OG,2018-01-30 11:22:37,0.05,0,1,6865792c2074686973206973206d79206d6f74686572206163636f756e74206920746f6c642048657220692077696c6c206d616b6520313030242063616e20796f752068656c70206d653f,1517340157000
NC4C6PSUW5CLTDT5SXAGJDQJGZNESKFK5MCN77OG,NDDRXTYDHVOBPWQHSTYOQ7HRZYQV6B4NCW4KNTIF,NC4C6PSUW5CLTDT5SXAGJDQJGZNESKFK5MCN77OG,2018-01-30 10:27:54,0.1,0,1,N/A,1517336874000
NC4C6PSUW5CLTDT5SXAGJDQJGZNESKFK5MCN77OG,NCY7A2YR7BBKYBZJEV4O5I3QD2GZMNVOZZOAEFGI,NC4C6PSUW5CLTDT5SXAGJDQJGZNESKFK5MCN77OG,2018-01-30 10:19:17,1.05,0,1,N/A,1517336357000
NC4C6PSUW5CLTDT5SXAGJDQJGZNESKFK5MCN77OG,NDI4YJV526BJW7W4FN7T73YAIJLVMH7VVKLMQSOZ,NC4C6PSUW5CLTDT5SXAGJDQJGZNESKFK5MCN77OG,2018-01-30 10:19:37,0.1,0,1,4d792063617420697320656174696e6720746f6f206d75636820666f6f642c20706c656173652068656c7020746f2066656564207468652063617429,1517336377000
NC4C6PSUW5CLTDT5SXAGJDQJGZNESKFK5MCN77OG,NB7OPQGF5LDH6FLQKATGZPML4KBNTVURLR76UIDL,NC4C6PSUW5CLTDT5SXAGJDQJGZNESKFK5MCN77OG,2018-01-30 10:13:56,1.0,0,1,706c65617365203130303030303078656d21,1517336036000
NC4C6PSUW5CLTDT5SXAGJDQJGZNESKFK5MCN77OG,NCTWKWGD564GIQQCZ5X5TC4YM46VXWLT3QWD5NLZ,N/A,2018-01-30 10:08:45,-1,0,0,N/A,1517335725000
NC4C6PSUW5CLTDT5SXAGJDQJGZNESKFK5MCN77OG,NDPKQQ3WY7SB3RVXLAD4GV32WPRO5AGCADLGGQS4,NC4C6PSUW5CLTDT5SXAGJDQJGZNESKFK5MCN77OG,2018-01-30 10:06:07,0.95,0,1,N/A,1517335567000
NC4C6PSUW5CLTDT5SXAGJDQJGZNESKFK5MCN77OG,NDSXMCA754Z4RH7H4QBLKWMZAUQNJMSVZW2TJQS2,NC4C6PSUW5CLTDT5SXAGJDQJGZNESKFK5MCN77OG,2018-01-30 10:05:44,0.0,0,1,e38090e8ada6e5918ae38091e38193e381aee382a2e38389e383ace382b9e381ab58454de38292e98081e38289e381aae38184e381a7e4b88be38195e38184efbc81e78aafe4babae3818be38289e5b18ae38184e3819f58454de38292e6a8aae9a098e38199e3828be381a8e980aee68d95e38195e3828ce3828be58fafe883bde680a7e3818ce38182e3828ae381bee38199efbc81e78aafe4babae3818be3828958454de3818ce5b18ae38184e3819fe3828954776974746572406d696e6172696e5fe6b08fe381aee68c87e7a4bae3818ce38182e3828be381bee381a7e3839be383bce383abe38389e38197e381a6e4b88be38195e38184e38082,1517335544000
NC4C6PSUW5CLTDT5SXAGJDQJGZNESKFK5MCN77OG,NAXEYMPVUO5BKGBK5NG7SIC3Y5AMBLSQ34E4J5MN,NC4C6PSUW5CLTDT5SXAGJDQJGZNESKFK5MCN77OG,2018-01-30 09:53:10,1.0,0,1,596f75206d6179207573652074686973206164647265737320666f72206d6978657220746f6f,1517334790000
NC4C6PSUW5CLTDT5SXAGJDQJGZNESKFK5MCN77OG,NDI4YJV526BJW7W4FN7T73YAIJLVMH7VVKLMQSOZ,NC4C6PSUW5CLTDT5SXAGJDQJGZNESKFK5MCN77OG,2018-01-30 09:47:51,0.01,0,1,53656e64206d65206c6974746c65206e656d20706c65617365,1517334471000
NC4C6PSUW5CLTDT5SXAGJDQJGZNESKFK5MCN77OG,NDI4YJV526BJW7W4FN7T73YAIJLVMH7VVKLMQSOZ,NC4C6PSUW5CLTDT5SXAGJDQJGZNESKFK5MCN77OG,2018-01-30 09:37:48,0.01,0,1,48656c6c6f2120446f657320507265736964656e7420507574696e20776f72727920706c6561736520636f6d65206f75742061206c6974746c65204e454d,1517333868000
NC4C6PSUW5CLTDT5SXAGJDQJGZNESKFK5MCN77OG,NCWC36BAWHT7XMIHMOAHV3W4MOAVWF37GBDJHU2L,NC4C6PSUW5CLTDT5SXAGJDQJGZNESKFK5MCN77OG,2018-01-30 09:37:02,1.0,0,1,554e4b4f21,1517333822000
NC4C6PSUW5CLTDT5SXAGJDQJGZNESKFK5MCN77OG,NAXJSTNKUKVG4XOHKBZ6EQPZLYHZQUA7D4TTJMRM,NC4C6PSUW5CLTDT5SXAGJDQJGZNESKFK5MCN77OG,2018-01-30 09:33:03,2.1,0,1,426c6573732074686520756e6861707079206368696c6421,1517333583000
NC4C6PSUW5CLTDT5SXAGJDQJGZNESKFK5MCN77OG,NAXJSTNKUKVG4XOHKBZ6EQPZLYHZQUA7D4TTJMRM,NC4C6PSUW5CLTDT5SXAGJDQJGZNESKFK5MCN77OG,2018-01-30 09:30:11,3.9,0,1,426c65737320796f7521204c657427732073656e6420697420746f206d65206e6f77,1517333411000
NC4C6PSUW5CLTDT5SXAGJDQJGZNESKFK5MCN77OG,NAXJSTNKUKVG4XOHKBZ6EQPZLYHZQUA7D4TTJMRM,NC4C6PSUW5CLTDT5SXAGJDQJGZNESKFK5MCN77OG,2018-01-30 09:28:29,3.9,0,1,706c65617365706c65617365203130303030303078656d,1517333309000
NC4C6PSUW5CLTDT5SXAGJDQJGZNESKFK5MCN77OG,NAXJSTNKUKVG4XOHKBZ6EQPZLYHZQUA7D4TTJMRM,NC4C6PSUW5CLTDT5SXAGJDQJGZNESKFK5MCN77OG,2018-01-30 09:26:36,1.0,0,1,4f6820476f642120506c6561736520626c657373206d65203130303030303078656d,1517333196000
NC4C6PSUW5CLTDT5SXAGJDQJGZNESKFK5MCN77OG,NAXJSTNKUKVG4XOHKBZ6EQPZLYHZQUA7D4TTJMRM,NC4C6PSUW5CLTDT5SXAGJDQJGZNESKFK5MCN77OG,2018-01-30 09:24:29,1.0,0,1,3130303030303078656d20706c656173652073656e64,1517333069000
NC4C6PSUW5CLTDT5SXAGJDQJGZNESKFK5MCN77OG,NBZFHPAXGOPPJJDVIM4KMASTJE3I6LHCJ7DWJVSN,NC4C6PSUW5CLTDT5SXAGJDQJGZNESKFK5MCN77OG,2018-01-30 09:24:05,1.0,0,1,212121,1517333045000
NC4C6PSUW5CLTDT5SXAGJDQJGZNESKFK5MCN77OG,NBCI5QGXCNETKOU2WD3INK2O67BZ2FF5AVWGFVKU,NC4C6PSUW5CLTDT5SXAGJDQJGZNESKFK5MCN77OG,2018-01-30 09:20:17,1.0,0,1,68ac4fc1fbee6c876447053dde5be8b3c99e6c910a0b2dd64b01c662129aec12fd20bfffc76c974e82e881dd839b1ca5947f3e935b37035ba7f5567a36b99c9d768e707001862bbfd233ab11e51cc20fc2120bc88623d132cf4436bee20be0492eb60434c577d68267df52f61db2f207,1517332817000
NC4C6PSUW5CLTDT5SXAGJDQJGZNESKFK5MCN77OG,NBMEX5LAPJBKSZX7XSTROC7WVXRV2WWUQJHKJ5EB,NC4C6PSUW5CLTDT5SXAGJDQJGZNESKFK5MCN77OG,2018-01-30 09:09:48,1.0,0,1,6e6f6f6f,1517332188000
NC4C6PSUW5CLTDT5SXAGJDQJGZNESKFK5MCN77OG,NBMEX5LAPJBKSZX7XSTROC7WVXRV2WWUQJHKJ5EB,NC4C6PSUW5CLTDT5SXAGJDQJGZNESKFK5MCN77OG,2018-01-30 09:05:31,1.0,0,1,N/A,1517331931000
NC4C6PSUW5CLTDT5SXAGJDQJGZNESKFK5MCN77OG,NBMEX5LAPJBKSZX7XSTROC7WVXRV2WWUQJHKJ5EB,NC4C6PSUW5CLTDT5SXAGJDQJGZNESKFK5MCN77OG,2018-01-30 09:04:08,1.0,0,1,N/A,1517331848000
NC4C6PSUW5CLTDT5SXAGJDQJGZNESKFK5MCN77OG,NCSPT4GJRMIKNSLGTQZWZI2P65VUVMI5BDFSN2FL,NC4C6PSUW5CLTDT5SXAGJDQJGZNESKFK5MCN77OG,2018-01-30 08:57:00,1.0,0,1,6b616e656b616573652121,1517331420000
NC4C6PSUW5CLTDT5SXAGJDQJGZNESKFK5MCN77OG,NCEQUJQFRBONWYE5D2N4J7IBL5Z3W3ZN3CSJ3B7R,NC4C6PSUW5CLTDT5SXAGJDQJGZNESKFK5MCN77OG,2018-01-30 08:52:51,0.01,0,1,48656c6c6f207369722e2049206e65656420796f75722068656c702e20492068617665206c6f7374206d79206a6f622036206d6f6e74682061676f20616e6420616d20736869766572696e6720756e64657220686561767920736e6f772020776974686f757420686176696e67206d7920686f6d6520746f2072657475726e2e20506c656173652068656c70206d652e205468616e6b20796f752e,1517331171000
NC4C6PSUW5CLTDT5SXAGJDQJGZNESKFK5MCN77OG,NAHJ7GK6Q4XCVSYCYJXIAF27IOAGNJ57RF366WNW,NC4C6PSUW5CLTDT5SXAGJDQJGZNESKFK5MCN77OG,2018-01-30 08:47:43,1.234567,0,1,4869,1517330863000
NC4C6PSUW5CLTDT5SXAGJDQJGZNESKFK5MCN77OG,NDOE2YPX7HEAYAQGXNMQE2XXQK6QC7BEGMUZZL7S,NC4C6PSUW5CLTDT5SXAGJDQJGZNESKFK5MCN77OG,2018-01-30 08:44:11,0.0,0,1,a72a621de3449c5a28942886848913c5fe4420e3d7c10cda3485042159987800f71ed517c6c1c253c64a15064447767c687cfabb742bbb18ad60d2968dba757244cc18472753962d63d594617e381a5d3e3a23a7113b221da72e29f05d0bdd76,1517330651000
NC4C6PSUW5CLTDT5SXAGJDQJGZNESKFK5MCN77OG,NBQ73BYLVGMO7L2WFG2VVOJHOBWWJKW7D3V7UE4E,NC4C6PSUW5CLTDT5SXAGJDQJGZNESKFK5MCN77OG,2018-01-30 08:41:34,1.0,0,1,313134353134,1517330494000
NC4C6PSUW5CLTDT5SXAGJDQJGZNESKFK5MCN77OG,NCTWKWGD564GIQQCZ5X5TC4YM46VXWLT3QWD5NLZ,N/A,2018-01-30 08:39:22,-1,0,0,N/A,1517330362000
NC4C6PSUW5CLTDT5SXAGJDQJGZNESKFK5MCN77OG,NAXEYMPVUO5BKGBK5NG7SIC3Y5AMBLSQ34E4J5MN,NC4C6PSUW5CLTDT5SXAGJDQJGZNESKFK5MCN77OG,2018-01-30 08:38:38,0.0,0,1,676a21,1517330318000
NC4C6PSUW5CLTDT5SXAGJDQJGZNESKFK5MCN77OG,NCGKSSO3GKVMLN3LX4HLIPE2BPYX26UWEI7LZPNN,NC4C6PSUW5CLTDT5SXAGJDQJGZNESKFK5MCN77OG,2018-01-30 08:33:24,0.01,0,1,73656e64206d652031206d696c6c696f6e2058454d206f7220656c736520492077696c6c206265206469736170706f696e74656420696e20796f7521,1517330004000
NC4C6PSUW5CLTDT5SXAGJDQJGZNESKFK5MCN77OG,NCTWKWGD564GIQQCZ5X5TC4YM46VXWLT3QWD5NLZ,N/A,2018-01-30 08:28:41,-1,0,0,N/A,1517329721000
NC4C6PSUW5CLTDT5SXAGJDQJGZNESKFK5MCN77OG,NADRWU6XUJB6HO33B4N4KASQMWGLGXYJB2ANPCZP,NC4C6PSUW5CLTDT5SXAGJDQJGZNESKFK5MCN77OG,2018-01-30 08:29:07,9.0,0,1,506c656173652067697665206d6520313030303058454d20e38080285e5f2d292de29886,1517329747000
NC4C6PSUW5CLTDT5SXAGJDQJGZNESKFK5MCN77OG,NDP6D4NPSE62RZBGAYLVQ7FXAPELNZ5ZKFHNNF6N,NC4C6PSUW5CLTDT5SXAGJDQJGZNESKFK5MCN77OG,2018-01-30 08:25:49,0.1,0,1,e697a5e69cace8aa9ee8aaade38281e381bee38199e3818befbc9f,1517329549000
NC4C6PSUW5CLTDT5SXAGJDQJGZNESKFK5MCN77OG,ND5SVCAJDRNZK37N3LGWRMTYVSSSQ4RIPAMDVQN4,NC4C6PSUW5CLTDT5SXAGJDQJGZNESKFK5MCN77OG,2018-01-30 08:26:46,0.1,0,1,47697665206d652061206c6974746c6520626974206f662020796f75722058454d2e205468616e6b20796f752e,1517329606000
NC4C6PSUW5CLTDT5SXAGJDQJGZNESKFK5MCN77OG,NAAOWOJB7AKB47PI7UPB5VYC7OSIQMQVVEJLEOQN,NC4C6PSUW5CLTDT5SXAGJDQJGZNESKFK5MCN77OG,2018-01-30 08:24:26,0.1,0,1,4b414e45204b4145534520594f210a696620796f752067697665206d6520796f75722058454d2c2069276c6c2067697665206d7920584d522e206465616c3f,1517329466000
NC4C6PSUW5CLTDT5SXAGJDQJGZNESKFK5MCN77OG,NADZ7IEHY3PXFEXNIS7EH62GT5PILTW2CGHX34UZ,NC4C6PSUW5CLTDT5SXAGJDQJGZNESKFK5MCN77OG,2018-01-30 08:23:01,0.0,0,1,506c656173652072657475726e206d79204e454d2e2048656c70206d652e,1517329381000
NC4C6PSUW5CLTDT5SXAGJDQJGZNESKFK5MCN77OG,NB3J2AGW3YCTE2F66HDC6WGGRFCOBFQQCQS63EX6,NC4C6PSUW5CLTDT5SXAGJDQJGZNESKFK5MCN77OG,2018-01-30 08:22:52,0.7,0,1,48656c6c6f2c20506c65617365206b696e646c792067697665206d6520312c3030302c3030302058454d2021205468616e6b20796f752e,1517329372000
NC4C6PSUW5CLTDT5SXAGJDQJGZNESKFK5MCN77OG,NBKHVCJVHNEJ6OZ2B22XV6MRTOSWXWW42EKC72LR,NC4C6PSUW5CLTDT5SXAGJDQJGZNESKFK5MCN77OG,2018-01-30 08:19:44,0.1,0,1,52657475726e206d79203130302c3030302078656d20506c65617365203a272d28,1517329184000
NC4C6PSUW5CLTDT5SXAGJDQJGZNESKFK5MCN77OG,NAL7Z3525F5GOSSUF7OB6EVEBBLDFG4M3C2F47TS,NC4C6PSUW5CLTDT5SXAGJDQJGZNESKFK5MCN77OG,2018-01-30 08:14:37,1.0,0,1,62757920766973696f206e6f77212121,1517328877000
NC4C6PSUW5CLTDT5SXAGJDQJGZNESKFK5MCN77OG,NDRVDLKWPK2M43AA6KFGCG6FSAJRZAE2GQZJSLFK,NC4C6PSUW5CLTDT5SXAGJDQJGZNESKFK5MCN77OG,2018-01-30 08:11:34,1.0,0,1,486921,1517328694000
NC4C6PSUW5CLTDT5SXAGJDQJGZNESKFK5MCN77OG,NCTWKWGD564GIQQCZ5X5TC4YM46VXWLT3QWD5NLZ,N/A,2018-01-30 08:11:44,-1,0,0,N/A,1517328704000
NC4C6PSUW5CLTDT5SXAGJDQJGZNESKFK5MCN77OG,NB4EHRVZ7JTZMYRYLMLZ47ABYZHKIBN5E4OLQHSR,NC4C6PSUW5CLTDT5SXAGJDQJGZNESKFK5MCN77OG,2018-01-30 08:06:33,1.0,0,1,4865792c2067697665206d65203235302c3030302058454d,1517328393000
NC4C6PSUW5CLTDT5SXAGJDQJGZNESKFK5MCN77OG,NC2LYYGHZQS54JEOGHH7PDMOWYVFLI3EBRMV4B52,NC4C6PSUW5CLTDT5SXAGJDQJGZNESKFK5MCN77OG,2018-01-30 08:03:20,0.85,0,1,7761737520776173752077617375207761737520626974636f6e6565656565637421212121,1517328200000
NC4C6PSUW5CLTDT5SXAGJDQJGZNESKFK5MCN77OG,NCTWKWGD564GIQQCZ5X5TC4YM46VXWLT3QWD5NLZ,N/A,2018-01-30 08:00:19,-1,0,0,N/A,1517328019000
NC4C6PSUW5CLTDT5SXAGJDQJGZNESKFK5MCN77OG,NAU4KRK3HTJATXLUXKQCOFU3QZGOD36ETA4HTZD4,NC4C6PSUW5CLTDT5SXAGJDQJGZNESKFK5MCN77OG,2018-01-30 07:59:33,1.0,0,1,N/A,1517327973000
NC4C6PSUW5CLTDT5SXAGJDQJGZNESKFK5MCN77OG,NCK7YZRXXX3ZCTFO4P4VDMHZMIR6TCLYG2S5YFYS,NC4C6PSUW5CLTDT5SXAGJDQJGZNESKFK5MCN77OG,2018-01-30 07:57:45,0.114514,0,1,492063616e2068656c7020796f752e20506c656173652067697665206d652031303030303058454d,1517327865000
NC4C6PSUW5CLTDT5SXAGJDQJGZNESKFK5MCN77OG,NBMCIU2LZPJA43OI6IRCD6HBYA46V32RV7JCPCMR,NC4C6PSUW5CLTDT5SXAGJDQJGZNESKFK5MCN77OG,2018-01-30 07:51:44,0.1,0,1,6865726f2c2067697665206d65203737373737372078656d20706c7a203a29,1517327504000
NC4C6PSUW5CLTDT5SXAGJDQJGZNESKFK5MCN77OG,NCK7YZRXXX3ZCTFO4P4VDMHZMIR6TCLYG2S5YFYS,NC4C6PSUW5CLTDT5SXAGJDQJGZNESKFK5MCN77OG,2018-01-30 07:43:06,0.114514,0,1,f09f9887,1517326986000
NC4C6PSUW5CLTDT5SXAGJDQJGZNESKFK5MCN77OG,NBPEASRPODP56JEQYUWY36JK4NOBZGIQ347Y4JD2,NC4C6PSUW5CLTDT5SXAGJDQJGZNESKFK5MCN77OG,2018-01-30 07:10:21,1.0,0,1,N/A,1517325021000
NC4C6PSUW5CLTDT5SXAGJDQJGZNESKFK5MCN77OG,NBPEASRPODP56JEQYUWY36JK4NOBZGIQ347Y4JD2,NC4C6PSUW5CLTDT5SXAGJDQJGZNESKFK5MCN77OG,2018-01-30 07:07:18,1.0,0,1,N/A,1517324838000
NC4C6PSUW5CLTDT5SXAGJDQJGZNESKFK5MCN77OG,NBPEASRPODP56JEQYUWY36JK4NOBZGIQ347Y4JD2,NC4C6PSUW5CLTDT5SXAGJDQJGZNESKFK5MCN77OG,2018-01-30 07:05:22,1.0,0,1,N/A,1517324722000
NC4C6PSUW5CLTDT5SXAGJDQJGZNESKFK5MCN77OG,NBRVXOPYI2HZLBJ5I5ZTGH5M5UE42HBYZWPXGBDY,NC4C6PSUW5CLTDT5SXAGJDQJGZNESKFK5MCN77OG,2018-01-30 06:57:00,0.0001,0,1,48656c6c6f206974277320,1517324220000
NC4C6PSUW5CLTDT5SXAGJDQJGZNESKFK5MCN77OG,NC4C6PSUW5CLTDT5SXAGJDQJGZNESKFK5MCN77OG,NBCWUSVIPYKIMORD272UDKXSSBLALN4CBOAUSBLQ,2018-01-30 06:02:20,100.0,1,0,N/A,1517320940000
NC4C6PSUW5CLTDT5SXAGJDQJGZNESKFK5MCN77OG,NC4C6PSUW5CLTDT5SXAGJDQJGZNESKFK5MCN77OG,NCGLWE2SVA5DP2X4TO7JBOM65PRIFZZPSPSHDGU4,2018-01-30 05:48:50,100.0,1,0,N/A,1517320130000
NC4C6PSUW5CLTDT5SXAGJDQJGZNESKFK5MCN77OG,NC4C6PSUW5CLTDT5SXAGJDQJGZNESKFK5MCN77OG,NBY32IX3KZOPTVVAOVIP5TLWJZDQNTZ5HZ3L3NU3,2018-01-30 05:48:15,100.0,1,0,N/A,1517320095000
NC4C6PSUW5CLTDT5SXAGJDQJGZNESKFK5MCN77OG,NC4C6PSUW5CLTDT5SXAGJDQJGZNESKFK5MCN77OG,NBKCVZ2BU3D5XLUZD4BAI2EVIXE3MRYKEVINPWYQ,2018-01-30 05:47:45,100.0,1,0,N/A,1517320065000
NC4C6PSUW5CLTDT5SXAGJDQJGZNESKFK5MCN77OG,NC4C6PSUW5CLTDT5SXAGJDQJGZNESKFK5MCN77OG,NAUFIPHWAAFJWLE5C33WW36SI5BVDV32ODLFDFBK,2018-01-30 05:47:01,100.0,1,0,N/A,1517320021000
NC4C6PSUW5CLTDT5SXAGJDQJGZNESKFK5MCN77OG,NC4C6PSUW5CLTDT5SXAGJDQJGZNESKFK5MCN77OG,NCJQZIGJLMVPCOZAUUSI7V7BJ6MOGO2TTZCQFPHC,2018-01-30 05:46:27,100.0,1,0,N/A,1517319987000
NC4C6PSUW5CLTDT5SXAGJDQJGZNESKFK5MCN77OG,NC4C6PSUW5CLTDT5SXAGJDQJGZNESKFK5MCN77OG,NAZASOSA2DPAR5SRA3SNHUKBUZZGCDWYYWB6IFAY,2018-01-30 05:45:47,100.0,1,0,N/A,1517319947000
NC4C6PSUW5CLTDT5SXAGJDQJGZNESKFK5MCN77OG,NC4C6PSUW5CLTDT5SXAGJDQJGZNESKFK5MCN77OG,NBXA6FYUETSRB5FXTXGLULQOEVFNOEPE7N4HATAR,2018-01-30 05:45:16,100.0,1,0,N/A,1517319916000
NC4C6PSUW5CLTDT5SXAGJDQJGZNESKFK5MCN77OG,NC4C6PSUW5CLTDT5SXAGJDQJGZNESKFK5MCN77OG,NCMKWNFWUILEVCKBSON2MS65BXU4NJ2GBJTIJBTK,2018-01-30 05:44:08,100.0,1,0,N/A,1517319848000
NC4C6PSUW5CLTDT5SXAGJDQJGZNESKFK5MCN77OG,NC4C6PSUW5CLTDT5SXAGJDQJGZNESKFK5MCN77OG,NAUFIPHWAAFJWLE5C33WW36SI5BVDV32ODLFDFBK,2018-01-30 05:43:16,0.0,1,0,N/A,1517319796000
NC4C6PSUW5CLTDT5SXAGJDQJGZNESKFK5MCN77OG,NC4C6PSUW5CLTDT5SXAGJDQJGZNESKFK5MCN77OG,NBKCVZ2BU3D5XLUZD4BAI2EVIXE3MRYKEVINPWYQ,2018-01-30 05:42:55,0.0,1,0,N/A,1517319775000
NC4C6PSUW5CLTDT5SXAGJDQJGZNESKFK5MCN77OG,NC4C6PSUW5CLTDT5SXAGJDQJGZNESKFK5MCN77OG,NBY32IX3KZOPTVVAOVIP5TLWJZDQNTZ5HZ3L3NU3,2018-01-30 05:42:29,0.0,1,0,N/A,1517319749000
NC4C6PSUW5CLTDT5SXAGJDQJGZNESKFK5MCN77OG,NC4C6PSUW5CLTDT5SXAGJDQJGZNESKFK5MCN77OG,NCGLWE2SVA5DP2X4TO7JBOM65PRIFZZPSPSHDGU4,2018-01-30 05:42:12,100.0,1,0,N/A,1517319732000
NC4C6PSUW5CLTDT5SXAGJDQJGZNESKFK5MCN77OG,NC4C6PSUW5CLTDT5SXAGJDQJGZNESKFK5MCN77OG,NAUFIPHWAAFJWLE5C33WW36SI5BVDV32ODLFDFBK,2018-01-30 05:33:57,100.0,1,0,N/A,1517319237000
NCTWFIOOVITRZYSYIGQ3PEI3IMVB25KMED53EWFQ,NC7EB6RWA5GTXSYILCOWGFBEIXMLM5F56ZH7GHXF,NCTWFIOOVITRZYSYIGQ3PEI3IMVB25KMED53EWFQ,2018-01-31 01:38:01,0.1,0,1,506c656173652067697665206d65206120646f6e6174696f6e2e,1517391481000
NCTWFIOOVITRZYSYIGQ3PEI3IMVB25KMED53EWFQ,NDI4YJV526BJW7W4FN7T73YAIJLVMH7VVKLMQSOZ,NCTWFIOOVITRZYSYIGQ3PEI3IMVB25KMED53EWFQ,2018-01-30 10:16:39,0.01,0,1,4d792063617420697320656174696e6720746f6f206d75636820666f6f642c20706c656173652068656c7020746f2066656564207468652063617429,1517336199000
NA7SZ75KF6ZKK267TRKCJDJBWP5JKIC2HA5PXCKW,NC7EB6RWA5GTXSYILCOWGFBEIXMLM5F56ZH7GHXF,NA7SZ75KF6ZKK267TRKCJDJBWP5JKIC2HA5PXCKW,2018-01-31 01:37:08,0.1,0,1,506c656173652067697665206d65206120646f6e6174696f6e2e,1517391428000
NA7SZ75KF6ZKK267TRKCJDJBWP5JKIC2HA5PXCKW,NDI4YJV526BJW7W4FN7T73YAIJLVMH7VVKLMQSOZ,NA7SZ75KF6ZKK267TRKCJDJBWP5JKIC2HA5PXCKW,2018-01-30 10:18:23,0.001,0,1,48656c6c6f21205468697320697320507265736964656e74205472756d702c2074686520646f6c6c61722069732066616c6c696e672c206c656e6420736f6d65206d6f6e657920666f722068697320737570706f7274,1517336303000
NDODXOWEIZGJSMAEURXACF4IEHC2CB7Q6T56V7SQ,NC7EB6RWA5GTXSYILCOWGFBEIXMLM5F56ZH7GHXF,NDODXOWEIZGJSMAEURXACF4IEHC2CB7Q6T56V7SQ,2018-01-31 01:37:29,0.1,0,1,506c656173652067697665206d65206120646f6e6174696f6e2e,1517391449000
NBKLQYXEIVEEGARYPUM62UJIFHA3Y6R4LAPU6NP4,NDI4YJV526BJW7W4FN7T73YAIJLVMH7VVKLMQSOZ,NBKLQYXEIVEEGARYPUM62UJIFHA3Y6R4LAPU6NP4,2018-01-30 09:45:34,0.001,0,1,69206e6565642058454d,1517334334000
NDZZJBH6JZPYSWRPRYHALLWMITWHOYTQGXR53HAW,NC7EB6RWA5GTXSYILCOWGFBEIXMLM5F56ZH7GHXF,NDZZJBH6JZPYSWRPRYHALLWMITWHOYTQGXR53HAW,2018-01-31 01:30:58,0.1,0,1,506c656173652067697665206d65206120646f6e6174696f6e2e,1517391058000
NDZZJBH6JZPYSWRPRYHALLWMITWHOYTQGXR53HAW,NAXJSTNKUKVG4XOHKBZ6EQPZLYHZQUA7D4TTJMRM,NDZZJBH6JZPYSWRPRYHALLWMITWHOYTQGXR53HAW,2018-01-30 21:36:33,2.1,0,1,706c656173652078656d20313030303030212121,1517376993000
NDZZJBH6JZPYSWRPRYHALLWMITWHOYTQGXR53HAW,NDI4YJV526BJW7W4FN7T73YAIJLVMH7VVKLMQSOZ,NDZZJBH6JZPYSWRPRYHALLWMITWHOYTQGXR53HAW,2018-01-30 09:44:43,0.001,0,1,73656e64204e454d20706c656173652c2069206e656564206c616d6261,1517334283000
NDZZJBH6JZPYSWRPRYHALLWMITWHOYTQGXR53HAW,NADZ7IEHY3PXFEXNIS7EH62GT5PILTW2CGHX34UZ,NDZZJBH6JZPYSWRPRYHALLWMITWHOYTQGXR53HAW,2018-01-30 08:43:39,0.0,0,1,506c656173652072657475726e206d79204e454d2e2048656c70206d652e,1517330619000
NB4QJJCLTZWVFWRFBKEMFOONOZFDH3V5IDK3G524,NCC2HRNZHBG7FVGCJOP3GZKUCIRJZX2YYXFIERFJ,NB4QJJCLTZWVFWRFBKEMFOONOZFDH3V5IDK3G524,2018-01-31 23:22:20,0.0,0,1,706c65617365,1517469740000
NB4QJJCLTZWVFWRFBKEMFOONOZFDH3V5IDK3G524,NC7EB6RWA5GTXSYILCOWGFBEIXMLM5F56ZH7GHXF,NB4QJJCLTZWVFWRFBKEMFOONOZFDH3V5IDK3G524,2018-01-31 01:33:11,0.1,0,1,506c656173652067697665206d65206120646f6e6174696f6e2e,1517391191000
NB4QJJCLTZWVFWRFBKEMFOONOZFDH3V5IDK3G524,NDI4YJV526BJW7W4FN7T73YAIJLVMH7VVKLMQSOZ,NB4QJJCLTZWVFWRFBKEMFOONOZFDH3V5IDK3G524,2018-01-30 09:42:54,0.01,0,1,42726f,1517334174000
NB4QJJCLTZWVFWRFBKEMFOONOZFDH3V5IDK3G524,NADZ7IEHY3PXFEXNIS7EH62GT5PILTW2CGHX34UZ,NB4QJJCLTZWVFWRFBKEMFOONOZFDH3V5IDK3G524,2018-01-30 08:40:52,0.0,0,1,506c656173652072657475726e206d79204e454d2e2048656c70206d652e,1517330452000
NDDZVF32WB3LWRNG3IVGHCOCAZWENCNRGEZJVCJI,NCC2HRNZHBG7FVGCJOP3GZKUCIRJZX2YYXFIERFJ,NDDZVF32WB3LWRNG3IVGHCOCAZWENCNRGEZJVCJI,2018-01-31 23:18:23,0.01,0,1,706c65617365,1517469503000
NDDZVF32WB3LWRNG3IVGHCOCAZWENCNRGEZJVCJI,NBDX32GYEQXJRXLUZTHIXOHFX6TC2PHGNGLJDEMS,NDDZVF32WB3LWRNG3IVGHCOCAZWENCNRGEZJVCJI,2018-01-31 22:21:04,0.0,0,1,f09fa494,1517466064000
NDDZVF32WB3LWRNG3IVGHCOCAZWENCNRGEZJVCJI,NC7EB6RWA5GTXSYILCOWGFBEIXMLM5F56ZH7GHXF,NDDZVF32WB3LWRNG3IVGHCOCAZWENCNRGEZJVCJI,2018-01-31 01:33:42,0.1,0,1,506c656173652067697665206d65206120646f6e6174696f6e2e,1517391222000
NDDZVF32WB3LWRNG3IVGHCOCAZWENCNRGEZJVCJI,NAXJSTNKUKVG4XOHKBZ6EQPZLYHZQUA7D4TTJMRM,NDDZVF32WB3LWRNG3IVGHCOCAZWENCNRGEZJVCJI,2018-01-30 21:46:28,2.1,0,1,706c65617365206e656d203130303030303021212121,1517377588000
NDDZVF32WB3LWRNG3IVGHCOCAZWENCNRGEZJVCJI,NDI4YJV526BJW7W4FN7T73YAIJLVMH7VVKLMQSOZ,NDDZVF32WB3LWRNG3IVGHCOCAZWENCNRGEZJVCJI,2018-01-30 09:42:05,1e-05,0,1,626c7961,1517334125000
NDDZVF32WB3LWRNG3IVGHCOCAZWENCNRGEZJVCJI,NADZ7IEHY3PXFEXNIS7EH62GT5PILTW2CGHX34UZ,NDDZVF32WB3LWRNG3IVGHCOCAZWENCNRGEZJVCJI,2018-01-30 08:47:35,0.0,0,1,506c656173652072657475726e206d79204e454d2e2048656c70206d652e,1517330855000
NA6JSWNF24Y7DVIUVPKRNAY7TPOFJJ7G2URL7KU5,NAC4NKMUWMAJ535YJK6MGY5JUS2LA3P7V3I3QTGB,NA6JSWNF24Y7DVIUVPKRNAY7TPOFJJ7G2URL7KU5,2018-02-01 06:52:47,0.0,0,1,359f010676585f864043489fdcf106b495bbe8591ac8a48a8592233fb0cb031380837d5b0d6da9a9367ecaced8f4615eb87e2bb41a3baf838b3f96a910106b93384e6d84b1912fc3ac378671528fafadd49423a6d482488f932471e6203012bd77f4b3d9890d2841e9d8a6a1632a420441ca2ee9bfc4f7aea8c1bad2b5263b667bc81d0c19a7eb1af00e98180c288a20b0ea57225c32e3940de62e220c8f53e6966aea427609afe72e02314cf91ca053e2958c72db6302cbc8155f6bf7264a0edd9f334db3fcac2fc1e3d1ab1de83d7456694c356962dd90e93c3c94a0b909b0bf586d2dc3100f48ff4b114eb9dc641e76e31d2c8ee3bcd09f8da3345bdd1aacfb43504b87dc506c4d71be8ef76ecc9c0f3aae37ba124a932a57746d6983109823b7d785722aaa3017607bbd888784891b918d0b6e92b84da89072de4363da5bbe712c1e99099d4eaf6bace8b157058d2860c4a59a51f83f4656c506051f42c5c4eac17cc6b7be5adf727c8f7d0dd402ef193fcbbaa9f47c8f371b81cb24261cc87d84ddbf920ccc9864428697a198277c3d44b563119fa0b2e0fa2ba44c12a9203d46edad18801a3e9ead2f77676882975bac6a78cafe809d93defb55b46981fce5cc80041207d243238ac7cb80aae978c0e7e742962c75ef9ed5c7a97cc04b3928122e7a61118af86fc63ff3352d51e6f126b3a2c5690224b3811376ca5a924d4b89137aa18a7cc12e2112a959e5b006e444ae02947b4e29f76155748c4b175a33735da0552abde1746b6968b7c234208f76d01e41da65f6252ff0fa06e564da8dcb1fedf478217ef921078224b5365c16620ba6d59f07f2a08137f44a9e316dbf588e99805f2575f4f092bdb28e9c5c924082ae346025a1aed389b6ed4ffeef84cb996b66af6d024b7ed99131d7a24a5811b1ca3500610bb9613d97e5b453,1517496767000
NA6JSWNF24Y7DVIUVPKRNAY7TPOFJJ7G2URL7KU5,NBDX32GYEQXJRXLUZTHIXOHFX6TC2PHGNGLJDEMS,NA6JSWNF24Y7DVIUVPKRNAY7TPOFJJ7G2URL7KU5,2018-01-31 22:25:06,0.0,0,1,47697665206261636b206d79204e454df09f9882,1517466306000
NA6JSWNF24Y7DVIUVPKRNAY7TPOFJJ7G2URL7KU5,NC7EB6RWA5GTXSYILCOWGFBEIXMLM5F56ZH7GHXF,NA6JSWNF24Y7DVIUVPKRNAY7TPOFJJ7G2URL7KU5,2018-01-31 01:34:16,0.1,0,1,506c656173652067697665206d65206120646f6e6174696f6e2e,1517391256000
NA6JSWNF24Y7DVIUVPKRNAY7TPOFJJ7G2URL7KU5,NAXJSTNKUKVG4XOHKBZ6EQPZLYHZQUA7D4TTJMRM,NA6JSWNF24Y7DVIUVPKRNAY7TPOFJJ7G2URL7KU5,2018-01-30 21:47:39,2.1,0,1,706c65617365206e656d203130303030303030,1517377659000
NA6JSWNF24Y7DVIUVPKRNAY7TPOFJJ7G2URL7KU5,NBCI5QGXCNETKOU2WD3INK2O67BZ2FF5AVWGFVKU,NA6JSWNF24Y7DVIUVPKRNAY7TPOFJJ7G2URL7KU5,2018-01-30 10:17:40,1.0,0,1,fe1ece08ca6805398989abf43abbe6f18dd8ae227773a46507975cf0064c52689a24970377e1911eb989aeae471639ffc32495829da890f6d7f1a514ce6151eb25eeeabc4142584d6cd73a5b5d20ce2ed65b3ef83fdd4514fa647221b1ab70ef,1517336260000
NA6JSWNF24Y7DVIUVPKRNAY7TPOFJJ7G2URL7KU5,NDI4YJV526BJW7W4FN7T73YAIJLVMH7VVKLMQSOZ,NA6JSWNF24Y7DVIUVPKRNAY7TPOFJJ7G2URL7KU5,2018-01-30 09:41:22,0.0001,0,1,706f2062726174736b69,1517334082000
NA6JSWNF24Y7DVIUVPKRNAY7TPOFJJ7G2URL7KU5,NADZ7IEHY3PXFEXNIS7EH62GT5PILTW2CGHX34UZ,NA6JSWNF24Y7DVIUVPKRNAY7TPOFJJ7G2URL7KU5,2018-01-30 08:49:07,0.0,0,1,506c656173652072657475726e206d79204e454d2e2048656c70206d652e,1517330947000
NCM6WE7SJFDVTLSPTMZGBUZUETDYINITILS3DCIZ,NCM6WE7SJFDVTLSPTMZGBUZUETDYINITILS3DCIZ,NBVWA3S2PAXPXT7X52HKEKNDVNMBG3ZATYED6MIY,2018-02-01 06:45:11,292600.238,1,0,3239323630312e353338,1517496311000
NCM6WE7SJFDVTLSPTMZGBUZUETDYINITILS3DCIZ,NCM6WE7SJFDVTLSPTMZGBUZUETDYINITILS3DCIZ,NBQ73BYLVGMO7L2WFG2VVOJHOBWWJKW7D3V7UE4E,2018-02-01 05:20:33,2000.0,1,0,62303733636263363537616563383632,1517491233000
NCM6WE7SJFDVTLSPTMZGBUZUETDYINITILS3DCIZ,NCM6WE7SJFDVTLSPTMZGBUZUETDYINITILS3DCIZ,NBQ73BYLVGMO7L2WFG2VVOJHOBWWJKW7D3V7UE4E,2018-02-01 04:30:29,100.0,1,0,62303733636263363537616563383632,1517488229000
NCM6WE7SJFDVTLSPTMZGBUZUETDYINITILS3DCIZ,NCM6WE7SJFDVTLSPTMZGBUZUETDYINITILS3DCIZ,NBQ73BYLVGMO7L2WFG2VVOJHOBWWJKW7D3V7UE4E,2018-01-31 17:26:37,100.0,1,0,24c5083750add5413e68964d5ad71edc57d0c34faa1bc91b325c25b4767c696760fcd6934c438e8e60fca66276745b98fd54081d6c847915b19b5dee8625418c39924c3349b46462f6952c649ffbcf5b,1517448397000
NCM6WE7SJFDVTLSPTMZGBUZUETDYINITILS3DCIZ,NCM6WE7SJFDVTLSPTMZGBUZUETDYINITILS3DCIZ,NBQ73BYLVGMO7L2WFG2VVOJHOBWWJKW7D3V7UE4E,2018-01-31 16:25:48,2000.0,1,0,62303733636263363537616563383632,1517444748000
NCM6WE7SJFDVTLSPTMZGBUZUETDYINITILS3DCIZ,NCM6WE7SJFDVTLSPTMZGBUZUETDYINITILS3DCIZ,NBQ73BYLVGMO7L2WFG2VVOJHOBWWJKW7D3V7UE4E,2018-01-31 14:48:36,1000.0,1,0,62303733636263363537616563383632,1517438916000
NCM6WE7SJFDVTLSPTMZGBUZUETDYINITILS3DCIZ,NCM6WE7SJFDVTLSPTMZGBUZUETDYINITILS3DCIZ,NBQ73BYLVGMO7L2WFG2VVOJHOBWWJKW7D3V7UE4E,2018-01-31 13:15:57,100.0,1,0,62303733636263363537616563383632,1517433357000
NCM6WE7SJFDVTLSPTMZGBUZUETDYINITILS3DCIZ,NCM6WE7SJFDVTLSPTMZGBUZUETDYINITILS3DCIZ,NBQ73BYLVGMO7L2WFG2VVOJHOBWWJKW7D3V7UE4E,2018-01-31 13:11:30,0.0,1,0,62303733636263363537616563383632,1517433090000
NCM6WE7SJFDVTLSPTMZGBUZUETDYINITILS3DCIZ,NCM6WE7SJFDVTLSPTMZGBUZUETDYINITILS3DCIZ,NBQ73BYLVGMO7L2WFG2VVOJHOBWWJKW7D3V7UE4E,2018-01-31 13:10:17,100.0,1,0,N/A,1517433017000
NCM6WE7SJFDVTLSPTMZGBUZUETDYINITILS3DCIZ,NCM6WE7SJFDVTLSPTMZGBUZUETDYINITILS3DCIZ,NDSP2JTBLTNLH4UXREHCTEJHPOZFBYJG7WB7N4FG,2018-01-31 11:23:52,1000.0,1,0,N/A,1517426632000
NCM6WE7SJFDVTLSPTMZGBUZUETDYINITILS3DCIZ,NCM6WE7SJFDVTLSPTMZGBUZUETDYINITILS3DCIZ,NCP733VKRNJ2P2MU2Y7SHZ2OBGHMDY5A4KBY5HPH,2018-01-31 04:20:29,1000.0,1,0,N/A,1517401229000
NCM6WE7SJFDVTLSPTMZGBUZUETDYINITILS3DCIZ,NAXJSTNKUKVG4XOHKBZ6EQPZLYHZQUA7D4TTJMRM,NCM6WE7SJFDVTLSPTMZGBUZUETDYINITILS3DCIZ,2018-01-30 21:48:49,0.0,0,1,706c65617365206e656d313030303030,1517377729000
NCM6WE7SJFDVTLSPTMZGBUZUETDYINITILS3DCIZ,NAXJSTNKUKVG4XOHKBZ6EQPZLYHZQUA7D4TTJMRM,NCM6WE7SJFDVTLSPTMZGBUZUETDYINITILS3DCIZ,2018-01-30 09:48:40,2.487,0,1,6464206e6f7320765f63646e6b6b6c5f3f206f6b3f,1517334520000
NCM6WE7SJFDVTLSPTMZGBUZUETDYINITILS3DCIZ,NDI4YJV526BJW7W4FN7T73YAIJLVMH7VVKLMQSOZ,NCM6WE7SJFDVTLSPTMZGBUZUETDYINITILS3DCIZ,2018-01-30 09:40:08,0.001,0,1,48656c6c6f21205468697320697320796f7572206d6f6d212073656e64206d6520736f6d652058454d,1517334008000
